sequence,test_case,subjective_score
bantersnaps-2IAyiEitv-A-unsplash,h264v@targetbbp100=16_preset=p132,2.878963632347492
bantersnaps-2IAyiEitv-A-unsplash,h264v@targetbbp100=8_preset=p132,0.6687677354735744
bantersnaps-2IAyiEitv-A-unsplash,h264v@targetbbp100=8_preset=none,0.10404785905436986
bantersnaps-2IAyiEitv-A-unsplash,h264v@targetbbp100=12_preset=p132,2.367793494324026
bantersnaps-2IAyiEitv-A-unsplash,h264v@targetbbp100=16_preset=p220,2.811074013386118
bantersnaps-2IAyiEitv-A-unsplash,h264v@targetbbp100=12_preset=none,1.7196121080956104
bantersnaps-2IAyiEitv-A-unsplash,h264v@targetbbp100=8_preset=p220,0.36370014524635197
bantersnaps-2IAyiEitv-A-unsplash,h264v@targetbbp100=16_preset=none,2.1994243112040763
bantersnaps-2IAyiEitv-A-unsplash,h264v@targetbbp100=8_preset=p310,0.0
bantersnaps-2IAyiEitv-A-unsplash,h264v@targetbbp100=12_preset=p310,1.784535542687975
bantersnaps-2IAyiEitv-A-unsplash,h264v@targetbbp100=12_preset=p220,1.9182346998529969
bantersnaps-2IAyiEitv-A-unsplash,h264v@targetbbp100=16_preset=p310,2.704986528472235
mehrnegar-dolatmand-O_5capTKt2Q-unsplash,h264v@targetbbp100=12_preset=p310,1.8452047131598288
mehrnegar-dolatmand-O_5capTKt2Q-unsplash,h264v@targetbbp100=8_preset=none,0.0
mehrnegar-dolatmand-O_5capTKt2Q-unsplash,h264v@targetbbp100=16_preset=none,2.4164497988804667
mehrnegar-dolatmand-O_5capTKt2Q-unsplash,h264v@targetbbp100=8_preset=p310,0.6078862523160493
mehrnegar-dolatmand-O_5capTKt2Q-unsplash,h264v@targetbbp100=12_preset=p132,2.1475156484237727
mehrnegar-dolatmand-O_5capTKt2Q-unsplash,h264v@targetbbp100=8_preset=p132,0.9034093219511315
mehrnegar-dolatmand-O_5capTKt2Q-unsplash,h264v@targetbbp100=12_preset=none,1.373905560921589
mehrnegar-dolatmand-O_5capTKt2Q-unsplash,h264v@targetbbp100=12_preset=p220,2.351589933434297
mehrnegar-dolatmand-O_5capTKt2Q-unsplash,h264v@targetbbp100=16_preset=p220,3.098811428256412
mehrnegar-dolatmand-O_5capTKt2Q-unsplash,h264v@targetbbp100=16_preset=p310,2.7491560279565457
mehrnegar-dolatmand-O_5capTKt2Q-unsplash,h264v@targetbbp100=8_preset=p220,1.0298810799110947
mehrnegar-dolatmand-O_5capTKt2Q-unsplash,h264v@targetbbp100=16_preset=p132,2.655949403083169
oscar-keys-iWNFqEYpmmo-unsplash,h264v@targetbbp100=8_preset=p132,0.8633188260930857
oscar-keys-iWNFqEYpmmo-unsplash,h264v@targetbbp100=12_preset=p310,2.3544360922162375
oscar-keys-iWNFqEYpmmo-unsplash,h264v@targetbbp100=12_preset=p220,3.3234394701323646
oscar-keys-iWNFqEYpmmo-unsplash,h264v@targetbbp100=16_preset=none,3.8395293713296814
oscar-keys-iWNFqEYpmmo-unsplash,h264v@targetbbp100=16_preset=p132,4.098112767132581
oscar-keys-iWNFqEYpmmo-unsplash,h264v@targetbbp100=12_preset=none,3.136102096868166
oscar-keys-iWNFqEYpmmo-unsplash,h264v@targetbbp100=16_preset=p310,3.7182326784157853
oscar-keys-iWNFqEYpmmo-unsplash,h264v@targetbbp100=8_preset=p310,0.0
oscar-keys-iWNFqEYpmmo-unsplash,h264v@targetbbp100=12_preset=p132,3.022266094189959
oscar-keys-iWNFqEYpmmo-unsplash,h264v@targetbbp100=16_preset=p220,4.268791509635322
oscar-keys-iWNFqEYpmmo-unsplash,h264v@targetbbp100=8_preset=p220,0.91991329541383
oscar-keys-iWNFqEYpmmo-unsplash,h264v@targetbbp100=8_preset=none,0.8301494437945055
matthaeus-hew8vAvvvz4-unsplash,h264v@targetbbp100=16_preset=p132,2.8419593934271608
matthaeus-hew8vAvvvz4-unsplash,h264v@targetbbp100=12_preset=p132,1.7764714412918532
matthaeus-hew8vAvvvz4-unsplash,h264v@targetbbp100=16_preset=p220,2.7212158671133095
matthaeus-hew8vAvvvz4-unsplash,h264v@targetbbp100=16_preset=none,2.4327031445614615
matthaeus-hew8vAvvvz4-unsplash,h264v@targetbbp100=12_preset=p220,2.1834618167236397
matthaeus-hew8vAvvvz4-unsplash,h264v@targetbbp100=8_preset=none,0.0
matthaeus-hew8vAvvvz4-unsplash,h264v@targetbbp100=12_preset=p310,2.133953750572992
matthaeus-hew8vAvvvz4-unsplash,h264v@targetbbp100=12_preset=none,1.6591908786800913
matthaeus-hew8vAvvvz4-unsplash,h264v@targetbbp100=16_preset=p310,2.9139679396634803
matthaeus-hew8vAvvvz4-unsplash,h264v@targetbbp100=8_preset=p220,0.48226943560356794
matthaeus-hew8vAvvvz4-unsplash,h264v@targetbbp100=8_preset=p132,0.713070531086569
matthaeus-hew8vAvvvz4-unsplash,h264v@targetbbp100=8_preset=p310,1.0233149074874586
himanshu-singh-gurjar-iSi02D_Qx_w-unsplash,h264v@targetbbp100=16_preset=p132,3.2067138617631943
himanshu-singh-gurjar-iSi02D_Qx_w-unsplash,h264v@targetbbp100=8_preset=p220,0.5916235520958235
himanshu-singh-gurjar-iSi02D_Qx_w-unsplash,h264v@targetbbp100=16_preset=p310,2.9516502751593916
himanshu-singh-gurjar-iSi02D_Qx_w-unsplash,h264v@targetbbp100=12_preset=p132,2.5012348098469337
himanshu-singh-gurjar-iSi02D_Qx_w-unsplash,h264v@targetbbp100=12_preset=p220,2.470685602936704
himanshu-singh-gurjar-iSi02D_Qx_w-unsplash,h264v@targetbbp100=12_preset=none,1.2960485896745595
himanshu-singh-gurjar-iSi02D_Qx_w-unsplash,h264v@targetbbp100=12_preset=p310,2.00546499310167
himanshu-singh-gurjar-iSi02D_Qx_w-unsplash,h264v@targetbbp100=16_preset=p220,3.5561713174823804
himanshu-singh-gurjar-iSi02D_Qx_w-unsplash,h264v@targetbbp100=8_preset=p132,0.6781416206415654
himanshu-singh-gurjar-iSi02D_Qx_w-unsplash,h264v@targetbbp100=8_preset=p310,0.47286436046804203
himanshu-singh-gurjar-iSi02D_Qx_w-unsplash,h264v@targetbbp100=16_preset=none,2.412327010058716
himanshu-singh-gurjar-iSi02D_Qx_w-unsplash,h264v@targetbbp100=8_preset=none,0.0
jan-henckens-H7hsy3wlmUk-unsplash,h264v@targetbbp100=12_preset=none,2.9617955474581654
jan-henckens-H7hsy3wlmUk-unsplash,h264v@targetbbp100=8_preset=p310,0.0
jan-henckens-H7hsy3wlmUk-unsplash,h264v@targetbbp100=16_preset=p132,4.2151570413059165
jan-henckens-H7hsy3wlmUk-unsplash,h264v@targetbbp100=12_preset=p132,2.874545198125523
jan-henckens-H7hsy3wlmUk-unsplash,h264v@targetbbp100=12_preset=p220,3.292237794658836
jan-henckens-H7hsy3wlmUk-unsplash,h264v@targetbbp100=8_preset=none,1.470181453322351
jan-henckens-H7hsy3wlmUk-unsplash,h264v@targetbbp100=16_preset=none,3.9066347024216106
jan-henckens-H7hsy3wlmUk-unsplash,h264v@targetbbp100=8_preset=p220,0.6910306595514202
jan-henckens-H7hsy3wlmUk-unsplash,h264v@targetbbp100=16_preset=p220,4.560551088258428
jan-henckens-H7hsy3wlmUk-unsplash,h264v@targetbbp100=16_preset=p310,3.8067190294680784
jan-henckens-H7hsy3wlmUk-unsplash,h264v@targetbbp100=8_preset=p132,1.4645892830079652
jan-henckens-H7hsy3wlmUk-unsplash,h264v@targetbbp100=12_preset=p310,2.157632845356706
rosalind-chang-eGPzjlMeeBg-unsplash,h264v@targetbbp100=8_preset=none,0.0
rosalind-chang-eGPzjlMeeBg-unsplash,h264v@targetbbp100=12_preset=none,2.0924541158750203
rosalind-chang-eGPzjlMeeBg-unsplash,h264v@targetbbp100=12_preset=p132,2.7237566727292397
rosalind-chang-eGPzjlMeeBg-unsplash,h264v@targetbbp100=8_preset=p310,0.7251772435015622
rosalind-chang-eGPzjlMeeBg-unsplash,h264v@targetbbp100=16_preset=none,3.383333731620559
rosalind-chang-eGPzjlMeeBg-unsplash,h264v@targetbbp100=16_preset=p220,4.7194365882470635
rosalind-chang-eGPzjlMeeBg-unsplash,h264v@targetbbp100=12_preset=p310,2.6154855217647017
rosalind-chang-eGPzjlMeeBg-unsplash,h264v@targetbbp100=16_preset=p132,3.815823740098752
rosalind-chang-eGPzjlMeeBg-unsplash,h264v@targetbbp100=16_preset=p310,3.560656760529135
rosalind-chang-eGPzjlMeeBg-unsplash,h264v@targetbbp100=8_preset=p220,1.1690566059519272
rosalind-chang-eGPzjlMeeBg-unsplash,h264v@targetbbp100=12_preset=p220,2.8981569093181427
rosalind-chang-eGPzjlMeeBg-unsplash,h264v@targetbbp100=8_preset=p132,0.8574835792392502
theodor-vasile-Zbie8Cjsdu4-unsplash,h264v@targetbbp100=12_preset=none,2.111178038771234
theodor-vasile-Zbie8Cjsdu4-unsplash,h264v@targetbbp100=16_preset=p310,2.4073868410687442
theodor-vasile-Zbie8Cjsdu4-unsplash,h264v@targetbbp100=16_preset=p132,2.72394454919019
theodor-vasile-Zbie8Cjsdu4-unsplash,h264v@targetbbp100=12_preset=p132,1.9115726319333055
theodor-vasile-Zbie8Cjsdu4-unsplash,h264v@targetbbp100=8_preset=p132,0.0
theodor-vasile-Zbie8Cjsdu4-unsplash,h264v@targetbbp100=8_preset=p310,0.8279402928556177
theodor-vasile-Zbie8Cjsdu4-unsplash,h264v@targetbbp100=8_preset=none,1.3521322851129787
theodor-vasile-Zbie8Cjsdu4-unsplash,h264v@targetbbp100=12_preset=p310,1.842078499071143
theodor-vasile-Zbie8Cjsdu4-unsplash,h264v@targetbbp100=16_preset=none,2.8391684949656684
theodor-vasile-Zbie8Cjsdu4-unsplash,h264v@targetbbp100=12_preset=p220,1.837600490309233
theodor-vasile-Zbie8Cjsdu4-unsplash,h264v@targetbbp100=8_preset=p220,0.6868365081872625
theodor-vasile-Zbie8Cjsdu4-unsplash,h264v@targetbbp100=16_preset=p220,2.561534754961013
photo-1604443703960-33f6a9081ca8,h264v@targetbbp100=16_preset=p220,6.872720525228451
photo-1604443703960-33f6a9081ca8,h264v@targetbbp100=12_preset=none,3.2739475992379288
photo-1604443703960-33f6a9081ca8,h264v@targetbbp100=16_preset=none,5.825906753679054
photo-1604443703960-33f6a9081ca8,h264v@targetbbp100=12_preset=p310,4.6078781833778635
photo-1604443703960-33f6a9081ca8,h264v@targetbbp100=8_preset=p220,2.2168211674909672
photo-1604443703960-33f6a9081ca8,h264v@targetbbp100=8_preset=p310,2.142607525350118
photo-1604443703960-33f6a9081ca8,h264v@targetbbp100=16_preset=p310,7.1344107741024505
photo-1604443703960-33f6a9081ca8,h264v@targetbbp100=8_preset=p132,2.7170496605816297
photo-1604443703960-33f6a9081ca8,h264v@targetbbp100=16_preset=p132,7.4233304309386945
photo-1604443703960-33f6a9081ca8,h264v@targetbbp100=8_preset=none,0.0
photo-1604443703960-33f6a9081ca8,h264v@targetbbp100=12_preset=p132,5.473376900377951
photo-1604443703960-33f6a9081ca8,h264v@targetbbp100=12_preset=p220,5.567795481787394
gints-gailis-Vi_YsiO0Kd8-unsplash,h264v@targetbbp100=16_preset=none,4.993015700712739
gints-gailis-Vi_YsiO0Kd8-unsplash,h264v@targetbbp100=12_preset=p310,2.441865636185142
gints-gailis-Vi_YsiO0Kd8-unsplash,h264v@targetbbp100=12_preset=none,3.2106278291101207
gints-gailis-Vi_YsiO0Kd8-unsplash,h264v@targetbbp100=8_preset=p132,1.669573172027774
gints-gailis-Vi_YsiO0Kd8-unsplash,h264v@targetbbp100=8_preset=p220,1.1284190614881284
gints-gailis-Vi_YsiO0Kd8-unsplash,h264v@targetbbp100=16_preset=p132,5.526746888752589
gints-gailis-Vi_YsiO0Kd8-unsplash,h264v@targetbbp100=16_preset=p220,5.127235198712713
gints-gailis-Vi_YsiO0Kd8-unsplash,h264v@targetbbp100=8_preset=p310,0.0
gints-gailis-Vi_YsiO0Kd8-unsplash,h264v@targetbbp100=12_preset=p220,3.3038260684039447
gints-gailis-Vi_YsiO0Kd8-unsplash,h264v@targetbbp100=12_preset=p132,3.8188095917753286
gints-gailis-Vi_YsiO0Kd8-unsplash,h264v@targetbbp100=8_preset=none,0.889620104408329
gints-gailis-Vi_YsiO0Kd8-unsplash,h264v@targetbbp100=16_preset=p310,3.8054198379983104
nachelle-nocom-Rv77p0__6SY-unsplash,h264v@targetbbp100=12_preset=p220,3.844204054923012
nachelle-nocom-Rv77p0__6SY-unsplash,h264v@targetbbp100=8_preset=none,1.5098390597028808
nachelle-nocom-Rv77p0__6SY-unsplash,h264v@targetbbp100=8_preset=p132,0.8758165240823721
nachelle-nocom-Rv77p0__6SY-unsplash,h264v@targetbbp100=16_preset=p220,5.517418059652016
nachelle-nocom-Rv77p0__6SY-unsplash,h264v@targetbbp100=16_preset=none,5.586244240781648
nachelle-nocom-Rv77p0__6SY-unsplash,h264v@targetbbp100=8_preset=p310,0.0
nachelle-nocom-Rv77p0__6SY-unsplash,h264v@targetbbp100=16_preset=p132,5.139738270996705
nachelle-nocom-Rv77p0__6SY-unsplash,h264v@targetbbp100=8_preset=p220,1.0951067885725472
nachelle-nocom-Rv77p0__6SY-unsplash,h264v@targetbbp100=12_preset=p310,2.5966754276274115
nachelle-nocom-Rv77p0__6SY-unsplash,h264v@targetbbp100=12_preset=p132,3.3076064310883515
nachelle-nocom-Rv77p0__6SY-unsplash,h264v@targetbbp100=16_preset=p310,3.9839819922281707
nachelle-nocom-Rv77p0__6SY-unsplash,h264v@targetbbp100=12_preset=none,4.265973443836861
jose-ignacio-pompe-hA_fShk7ud8-unsplash,h264v@targetbbp100=16_preset=none,3.1585537490950406
jose-ignacio-pompe-hA_fShk7ud8-unsplash,h264v@targetbbp100=8_preset=none,0.0
jose-ignacio-pompe-hA_fShk7ud8-unsplash,h264v@targetbbp100=8_preset=p220,1.254373487559324
jose-ignacio-pompe-hA_fShk7ud8-unsplash,h264v@targetbbp100=12_preset=p310,2.2867986623945877
jose-ignacio-pompe-hA_fShk7ud8-unsplash,h264v@targetbbp100=16_preset=p132,4.237443053530568
jose-ignacio-pompe-hA_fShk7ud8-unsplash,h264v@targetbbp100=16_preset=p310,3.525267581752881
jose-ignacio-pompe-hA_fShk7ud8-unsplash,h264v@targetbbp100=8_preset=p132,0.7315955114013
jose-ignacio-pompe-hA_fShk7ud8-unsplash,h264v@targetbbp100=12_preset=p132,2.944127599757475
jose-ignacio-pompe-hA_fShk7ud8-unsplash,h264v@targetbbp100=12_preset=none,2.6554142554369875
jose-ignacio-pompe-hA_fShk7ud8-unsplash,h264v@targetbbp100=8_preset=p310,0.4213635489116405
jose-ignacio-pompe-hA_fShk7ud8-unsplash,h264v@targetbbp100=12_preset=p220,3.196454076593471
jose-ignacio-pompe-hA_fShk7ud8-unsplash,h264v@targetbbp100=16_preset=p220,4.613833170619438
zach-vessels-4i6OFPlJOFg-unsplash,h264v@targetbbp100=8_preset=none,0.0
zach-vessels-4i6OFPlJOFg-unsplash,h264v@targetbbp100=12_preset=none,1.5775668267377245
zach-vessels-4i6OFPlJOFg-unsplash,h264v@targetbbp100=12_preset=p310,3.4374636858110317
zach-vessels-4i6OFPlJOFg-unsplash,h264v@targetbbp100=16_preset=p132,4.362629033795672
zach-vessels-4i6OFPlJOFg-unsplash,h264v@targetbbp100=16_preset=p310,4.220953001563103
zach-vessels-4i6OFPlJOFg-unsplash,h264v@targetbbp100=12_preset=p220,3.7216879738323243
zach-vessels-4i6OFPlJOFg-unsplash,h264v@targetbbp100=8_preset=p310,1.6453525614746936
zach-vessels-4i6OFPlJOFg-unsplash,h264v@targetbbp100=8_preset=p132,1.7600586011022172
zach-vessels-4i6OFPlJOFg-unsplash,h264v@targetbbp100=12_preset=p132,3.4745043149753987
zach-vessels-4i6OFPlJOFg-unsplash,h264v@targetbbp100=16_preset=p220,4.526624121903749
zach-vessels-4i6OFPlJOFg-unsplash,h264v@targetbbp100=16_preset=none,3.1923698770723927
zach-vessels-4i6OFPlJOFg-unsplash,h264v@targetbbp100=8_preset=p220,1.9619787836763778
elcarito-lFJJM6hmne4-unsplash,h264v@targetbbp100=16_preset=p220,2.5024631713953864
elcarito-lFJJM6hmne4-unsplash,h264v@targetbbp100=8_preset=p132,1.2133688649772474
elcarito-lFJJM6hmne4-unsplash,h264v@targetbbp100=12_preset=p132,1.881383388132184
elcarito-lFJJM6hmne4-unsplash,h264v@targetbbp100=12_preset=p310,2.1729699285877078
elcarito-lFJJM6hmne4-unsplash,h264v@targetbbp100=16_preset=p132,2.9158960228075355
elcarito-lFJJM6hmne4-unsplash,h264v@targetbbp100=16_preset=p310,2.62335351085051
elcarito-lFJJM6hmne4-unsplash,h264v@targetbbp100=16_preset=none,2.104254919523507
elcarito-lFJJM6hmne4-unsplash,h264v@targetbbp100=12_preset=p220,2.4053925194069357
elcarito-lFJJM6hmne4-unsplash,h264v@targetbbp100=12_preset=none,1.7134599620530215
elcarito-lFJJM6hmne4-unsplash,h264v@targetbbp100=8_preset=none,0.0
elcarito-lFJJM6hmne4-unsplash,h264v@targetbbp100=8_preset=p310,0.6950052566355527
elcarito-lFJJM6hmne4-unsplash,h264v@targetbbp100=8_preset=p220,0.8618499430600037
rex-way-c2BcE2zPXjc-unsplash,h264v@targetbbp100=8_preset=none,0.18824098538501396
rex-way-c2BcE2zPXjc-unsplash,h264v@targetbbp100=8_preset=p310,0.21677121622100118
rex-way-c2BcE2zPXjc-unsplash,h264v@targetbbp100=12_preset=p310,1.1782582833507906
rex-way-c2BcE2zPXjc-unsplash,h264v@targetbbp100=12_preset=p132,1.0058574347740776
rex-way-c2BcE2zPXjc-unsplash,h264v@targetbbp100=12_preset=none,1.1475585840805256
rex-way-c2BcE2zPXjc-unsplash,h264v@targetbbp100=16_preset=p220,1.4884247946248594
rex-way-c2BcE2zPXjc-unsplash,h264v@targetbbp100=8_preset=p220,0.3140225185875743
rex-way-c2BcE2zPXjc-unsplash,h264v@targetbbp100=8_preset=p132,0.0
rex-way-c2BcE2zPXjc-unsplash,h264v@targetbbp100=16_preset=p310,1.549488254146523
rex-way-c2BcE2zPXjc-unsplash,h264v@targetbbp100=16_preset=none,1.426976709376578
rex-way-c2BcE2zPXjc-unsplash,h264v@targetbbp100=16_preset=p132,1.6256735506307567
rex-way-c2BcE2zPXjc-unsplash,h264v@targetbbp100=12_preset=p220,1.6098487015593301
hessam-nabavi-HJyT-uUkk_M-unsplash,h264v@targetbbp100=16_preset=p310,4.381752650526713
hessam-nabavi-HJyT-uUkk_M-unsplash,h264v@targetbbp100=12_preset=p132,3.434500131636176
hessam-nabavi-HJyT-uUkk_M-unsplash,h264v@targetbbp100=8_preset=none,0.0
hessam-nabavi-HJyT-uUkk_M-unsplash,h264v@targetbbp100=12_preset=p220,3.2765100938352663
hessam-nabavi-HJyT-uUkk_M-unsplash,h264v@targetbbp100=12_preset=p310,3.523814066591264
hessam-nabavi-HJyT-uUkk_M-unsplash,h264v@targetbbp100=16_preset=p220,4.275217482103293
hessam-nabavi-HJyT-uUkk_M-unsplash,h264v@targetbbp100=16_preset=none,3.180946159148905
hessam-nabavi-HJyT-uUkk_M-unsplash,h264v@targetbbp100=12_preset=none,2.100517746731738
hessam-nabavi-HJyT-uUkk_M-unsplash,h264v@targetbbp100=8_preset=p132,1.1916029675043829
hessam-nabavi-HJyT-uUkk_M-unsplash,h264v@targetbbp100=8_preset=p310,1.6811781730099589
hessam-nabavi-HJyT-uUkk_M-unsplash,h264v@targetbbp100=16_preset=p132,4.420584991762644
hessam-nabavi-HJyT-uUkk_M-unsplash,h264v@targetbbp100=8_preset=p220,1.5841337794474386
luqman-hariz--s529_PPy1Y-unsplash,h264v@targetbbp100=12_preset=p132,3.534310945221709
luqman-hariz--s529_PPy1Y-unsplash,h264v@targetbbp100=8_preset=p220,1.010552419701051
luqman-hariz--s529_PPy1Y-unsplash,h264v@targetbbp100=12_preset=p310,2.880991429706248
luqman-hariz--s529_PPy1Y-unsplash,h264v@targetbbp100=8_preset=p132,1.4670486773322096
luqman-hariz--s529_PPy1Y-unsplash,h264v@targetbbp100=8_preset=p310,0.0
luqman-hariz--s529_PPy1Y-unsplash,h264v@targetbbp100=12_preset=none,3.42601950900434
luqman-hariz--s529_PPy1Y-unsplash,h264v@targetbbp100=12_preset=p220,3.7599850438491225
luqman-hariz--s529_PPy1Y-unsplash,h264v@targetbbp100=16_preset=p132,4.976524585100107
luqman-hariz--s529_PPy1Y-unsplash,h264v@targetbbp100=16_preset=none,3.8577013000262292
luqman-hariz--s529_PPy1Y-unsplash,h264v@targetbbp100=16_preset=p310,4.3620418266135195
luqman-hariz--s529_PPy1Y-unsplash,h264v@targetbbp100=8_preset=none,0.6323749208365208
luqman-hariz--s529_PPy1Y-unsplash,h264v@targetbbp100=16_preset=p220,5.315932797925433
alireza-zarafshani-lmZf8EVSmWM-unsplash,h264v@targetbbp100=12_preset=p310,1.4849303326539336
alireza-zarafshani-lmZf8EVSmWM-unsplash,h264v@targetbbp100=8_preset=p220,0.6020088629965803
alireza-zarafshani-lmZf8EVSmWM-unsplash,h264v@targetbbp100=8_preset=p132,0.9610137539735791
alireza-zarafshani-lmZf8EVSmWM-unsplash,h264v@targetbbp100=8_preset=none,0.8995581922494553
alireza-zarafshani-lmZf8EVSmWM-unsplash,h264v@targetbbp100=16_preset=p132,3.094779841654516
alireza-zarafshani-lmZf8EVSmWM-unsplash,h264v@targetbbp100=12_preset=p132,2.4542396982148076
alireza-zarafshani-lmZf8EVSmWM-unsplash,h264v@targetbbp100=16_preset=p310,2.3980319721622294
alireza-zarafshani-lmZf8EVSmWM-unsplash,h264v@targetbbp100=16_preset=none,3.5821359715234964
alireza-zarafshani-lmZf8EVSmWM-unsplash,h264v@targetbbp100=12_preset=p220,2.5090908165428587
alireza-zarafshani-lmZf8EVSmWM-unsplash,h264v@targetbbp100=8_preset=p310,0.0
alireza-zarafshani-lmZf8EVSmWM-unsplash,h264v@targetbbp100=12_preset=none,2.858029953032477
alireza-zarafshani-lmZf8EVSmWM-unsplash,h264v@targetbbp100=16_preset=p220,3.1947558524783117
adrian-moise-0iRqoHHxjQk-unsplash,h264v@targetbbp100=12_preset=p132,3.2165614091454997
adrian-moise-0iRqoHHxjQk-unsplash,h264v@targetbbp100=8_preset=none,1.3378554702734082
adrian-moise-0iRqoHHxjQk-unsplash,h264v@targetbbp100=16_preset=p310,2.3671448870631306
adrian-moise-0iRqoHHxjQk-unsplash,h264v@targetbbp100=12_preset=none,3.6099686146605134
adrian-moise-0iRqoHHxjQk-unsplash,h264v@targetbbp100=16_preset=none,4.796536467942538
adrian-moise-0iRqoHHxjQk-unsplash,h264v@targetbbp100=8_preset=p310,0.0
adrian-moise-0iRqoHHxjQk-unsplash,h264v@targetbbp100=12_preset=p310,1.4596759451769923
adrian-moise-0iRqoHHxjQk-unsplash,h264v@targetbbp100=8_preset=p220,0.995624308166676
adrian-moise-0iRqoHHxjQk-unsplash,h264v@targetbbp100=16_preset=p220,3.8846835814191154
adrian-moise-0iRqoHHxjQk-unsplash,h264v@targetbbp100=16_preset=p132,4.407767814407378
adrian-moise-0iRqoHHxjQk-unsplash,h264v@targetbbp100=8_preset=p132,1.3081355523943523
adrian-moise-0iRqoHHxjQk-unsplash,h264v@targetbbp100=12_preset=p220,2.9064679067488517
lynda-hinton-HayTQnEEtrQ-unsplash,h264v@targetbbp100=16_preset=none,3.4872896101014583
lynda-hinton-HayTQnEEtrQ-unsplash,h264v@targetbbp100=12_preset=none,2.447824936875344
lynda-hinton-HayTQnEEtrQ-unsplash,h264v@targetbbp100=12_preset=p310,2.6699678496840082
lynda-hinton-HayTQnEEtrQ-unsplash,h264v@targetbbp100=16_preset=p310,3.893022091645545
lynda-hinton-HayTQnEEtrQ-unsplash,h264v@targetbbp100=12_preset=p220,3.3488694123863256
lynda-hinton-HayTQnEEtrQ-unsplash,h264v@targetbbp100=8_preset=p310,1.4299338272256126
lynda-hinton-HayTQnEEtrQ-unsplash,h264v@targetbbp100=16_preset=p220,3.9650625451428545
lynda-hinton-HayTQnEEtrQ-unsplash,h264v@targetbbp100=8_preset=none,0.0
lynda-hinton-HayTQnEEtrQ-unsplash,h264v@targetbbp100=12_preset=p132,3.23761815662642
lynda-hinton-HayTQnEEtrQ-unsplash,h264v@targetbbp100=8_preset=p220,1.58123369748003
lynda-hinton-HayTQnEEtrQ-unsplash,h264v@targetbbp100=8_preset=p132,1.9398291060156474
lynda-hinton-HayTQnEEtrQ-unsplash,h264v@targetbbp100=16_preset=p132,3.8581882640676186
juanma-velasquez-la7uU1hQ_nM-unsplash,h264v@targetbbp100=12_preset=p220,3.2579272640592056
juanma-velasquez-la7uU1hQ_nM-unsplash,h264v@targetbbp100=12_preset=p132,3.0846620945213314
juanma-velasquez-la7uU1hQ_nM-unsplash,h264v@targetbbp100=12_preset=none,2.7327970293108432
juanma-velasquez-la7uU1hQ_nM-unsplash,h264v@targetbbp100=16_preset=p220,3.825203139639135
juanma-velasquez-la7uU1hQ_nM-unsplash,h264v@targetbbp100=8_preset=p132,0.9206096380577939
juanma-velasquez-la7uU1hQ_nM-unsplash,h264v@targetbbp100=16_preset=p132,4.098520861622138
juanma-velasquez-la7uU1hQ_nM-unsplash,h264v@targetbbp100=8_preset=none,0.016686166162987348
juanma-velasquez-la7uU1hQ_nM-unsplash,h264v@targetbbp100=8_preset=p220,1.067338964720228
juanma-velasquez-la7uU1hQ_nM-unsplash,h264v@targetbbp100=16_preset=p310,3.259622102811838
juanma-velasquez-la7uU1hQ_nM-unsplash,h264v@targetbbp100=16_preset=none,3.8477345969240133
juanma-velasquez-la7uU1hQ_nM-unsplash,h264v@targetbbp100=8_preset=p310,0.0
juanma-velasquez-la7uU1hQ_nM-unsplash,h264v@targetbbp100=12_preset=p310,2.132408019372652
vijeshwar-datt-EaBYKGnfwdw-unsplash,h264v@targetbbp100=8_preset=none,2.0990764514927998
vijeshwar-datt-EaBYKGnfwdw-unsplash,h264v@targetbbp100=12_preset=p132,2.4008736219897626
vijeshwar-datt-EaBYKGnfwdw-unsplash,h264v@targetbbp100=16_preset=p310,3.0957235136806003
vijeshwar-datt-EaBYKGnfwdw-unsplash,h264v@targetbbp100=12_preset=p220,3.1302912560578986
vijeshwar-datt-EaBYKGnfwdw-unsplash,h264v@targetbbp100=16_preset=p132,3.492682847356871
vijeshwar-datt-EaBYKGnfwdw-unsplash,h264v@targetbbp100=8_preset=p310,0.0
vijeshwar-datt-EaBYKGnfwdw-unsplash,h264v@targetbbp100=12_preset=none,3.1320531406735554
vijeshwar-datt-EaBYKGnfwdw-unsplash,h264v@targetbbp100=8_preset=p132,0.8048097215846672
vijeshwar-datt-EaBYKGnfwdw-unsplash,h264v@targetbbp100=16_preset=none,3.86689455167581
vijeshwar-datt-EaBYKGnfwdw-unsplash,h264v@targetbbp100=8_preset=p220,0.5290768251782569
vijeshwar-datt-EaBYKGnfwdw-unsplash,h264v@targetbbp100=12_preset=p310,2.2210372017689095
vijeshwar-datt-EaBYKGnfwdw-unsplash,h264v@targetbbp100=16_preset=p220,4.040850285118357
zane-lee-CpdxeZAN5y0-unsplash,h264v@targetbbp100=8_preset=p132,1.5098907036899731
zane-lee-CpdxeZAN5y0-unsplash,h264v@targetbbp100=12_preset=p220,2.6468734597731007
zane-lee-CpdxeZAN5y0-unsplash,h264v@targetbbp100=8_preset=p310,0.0
zane-lee-CpdxeZAN5y0-unsplash,h264v@targetbbp100=8_preset=p220,0.7234068892161952
zane-lee-CpdxeZAN5y0-unsplash,h264v@targetbbp100=12_preset=none,3.092190069632439
zane-lee-CpdxeZAN5y0-unsplash,h264v@targetbbp100=16_preset=p310,3.137719188397507
zane-lee-CpdxeZAN5y0-unsplash,h264v@targetbbp100=8_preset=none,1.6046202897487134
zane-lee-CpdxeZAN5y0-unsplash,h264v@targetbbp100=12_preset=p310,2.0940891511615085
zane-lee-CpdxeZAN5y0-unsplash,h264v@targetbbp100=16_preset=p132,3.8463682994195922
zane-lee-CpdxeZAN5y0-unsplash,h264v@targetbbp100=16_preset=p220,3.834577206665484
zane-lee-CpdxeZAN5y0-unsplash,h264v@targetbbp100=12_preset=p132,3.182822463818889
zane-lee-CpdxeZAN5y0-unsplash,h264v@targetbbp100=16_preset=none,3.631762523070356
dr-3amer-TiqE8eJUrMU-unsplash,h264v@targetbbp100=12_preset=p310,1.1547297172647881
dr-3amer-TiqE8eJUrMU-unsplash,h264v@targetbbp100=8_preset=p220,0.47723075528301595
dr-3amer-TiqE8eJUrMU-unsplash,h264v@targetbbp100=16_preset=p132,1.7412641061168308
dr-3amer-TiqE8eJUrMU-unsplash,h264v@targetbbp100=16_preset=none,1.4232315008773337
dr-3amer-TiqE8eJUrMU-unsplash,h264v@targetbbp100=8_preset=p310,0.0
dr-3amer-TiqE8eJUrMU-unsplash,h264v@targetbbp100=16_preset=p220,1.559224829849585
dr-3amer-TiqE8eJUrMU-unsplash,h264v@targetbbp100=12_preset=none,0.9336537254709819
dr-3amer-TiqE8eJUrMU-unsplash,h264v@targetbbp100=8_preset=none,0.13182522918554263
dr-3amer-TiqE8eJUrMU-unsplash,h264v@targetbbp100=12_preset=p220,1.431040178729987
dr-3amer-TiqE8eJUrMU-unsplash,h264v@targetbbp100=8_preset=p132,0.5767377725993466
dr-3amer-TiqE8eJUrMU-unsplash,h264v@targetbbp100=12_preset=p132,1.1497240060720042
dr-3amer-TiqE8eJUrMU-unsplash,h264v@targetbbp100=16_preset=p310,1.6755382774795116
jezael-melgoza-layMbSJ3YOE-unsplash,h264v@targetbbp100=16_preset=p132,5.304447650243972
jezael-melgoza-layMbSJ3YOE-unsplash,h264v@targetbbp100=16_preset=p220,5.2392662557179
jezael-melgoza-layMbSJ3YOE-unsplash,h264v@targetbbp100=8_preset=p132,1.031150621027317
jezael-melgoza-layMbSJ3YOE-unsplash,h264v@targetbbp100=8_preset=none,0.0
jezael-melgoza-layMbSJ3YOE-unsplash,h264v@targetbbp100=8_preset=p220,1.2973931130618466
jezael-melgoza-layMbSJ3YOE-unsplash,h264v@targetbbp100=16_preset=none,3.6226616420027233
jezael-melgoza-layMbSJ3YOE-unsplash,h264v@targetbbp100=12_preset=none,1.8125281250028737
jezael-melgoza-layMbSJ3YOE-unsplash,h264v@targetbbp100=12_preset=p220,3.7499529588491227
jezael-melgoza-layMbSJ3YOE-unsplash,h264v@targetbbp100=8_preset=p310,1.676694892144038
jezael-melgoza-layMbSJ3YOE-unsplash,h264v@targetbbp100=16_preset=p310,6.754542318199625
jezael-melgoza-layMbSJ3YOE-unsplash,h264v@targetbbp100=12_preset=p132,3.6432973259560706
jezael-melgoza-layMbSJ3YOE-unsplash,h264v@targetbbp100=12_preset=p310,3.7927826237668647
oriol-casas-C7m7RSFONYc-unsplash,h264v@targetbbp100=8_preset=p220,2.9003091806672066
oriol-casas-C7m7RSFONYc-unsplash,h264v@targetbbp100=8_preset=p132,2.1115751976525243
oriol-casas-C7m7RSFONYc-unsplash,h264v@targetbbp100=12_preset=p310,4.934462917535138
oriol-casas-C7m7RSFONYc-unsplash,h264v@targetbbp100=8_preset=none,0.0
oriol-casas-C7m7RSFONYc-unsplash,h264v@targetbbp100=12_preset=p220,5.288374847685564
oriol-casas-C7m7RSFONYc-unsplash,h264v@targetbbp100=16_preset=p132,6.323031091671755
oriol-casas-C7m7RSFONYc-unsplash,h264v@targetbbp100=16_preset=none,4.982168085198907
oriol-casas-C7m7RSFONYc-unsplash,h264v@targetbbp100=8_preset=p310,2.2429801702175727
oriol-casas-C7m7RSFONYc-unsplash,h264v@targetbbp100=12_preset=p132,4.984153886854914
oriol-casas-C7m7RSFONYc-unsplash,h264v@targetbbp100=16_preset=p310,6.112911929236784
oriol-casas-C7m7RSFONYc-unsplash,h264v@targetbbp100=16_preset=p220,6.334380996864265
oriol-casas-C7m7RSFONYc-unsplash,h264v@targetbbp100=12_preset=none,3.2624621046281708
luca-anasta-JMNXb6KBJwI-unsplash,h264v@targetbbp100=12_preset=p220,2.8998705755253678
luca-anasta-JMNXb6KBJwI-unsplash,h264v@targetbbp100=8_preset=p132,0.0
luca-anasta-JMNXb6KBJwI-unsplash,h264v@targetbbp100=8_preset=p220,1.425734605992376
luca-anasta-JMNXb6KBJwI-unsplash,h264v@targetbbp100=8_preset=p310,0.5039997531333511
luca-anasta-JMNXb6KBJwI-unsplash,h264v@targetbbp100=8_preset=none,0.33748490793377783
luca-anasta-JMNXb6KBJwI-unsplash,h264v@targetbbp100=16_preset=p310,3.2025559735906626
luca-anasta-JMNXb6KBJwI-unsplash,h264v@targetbbp100=12_preset=p132,2.2222434456116336
luca-anasta-JMNXb6KBJwI-unsplash,h264v@targetbbp100=16_preset=none,3.8388578942682594
luca-anasta-JMNXb6KBJwI-unsplash,h264v@targetbbp100=16_preset=p220,3.8279630917960175
luca-anasta-JMNXb6KBJwI-unsplash,h264v@targetbbp100=12_preset=p310,2.380900128647718
luca-anasta-JMNXb6KBJwI-unsplash,h264v@targetbbp100=16_preset=p132,3.476335487943782
luca-anasta-JMNXb6KBJwI-unsplash,h264v@targetbbp100=12_preset=none,1.8785681395360625
omar-elsharawy-gFHBofW3ncQ-unsplash,h264v@targetbbp100=16_preset=none,1.9440576035140464
omar-elsharawy-gFHBofW3ncQ-unsplash,h264v@targetbbp100=8_preset=p310,0.6325568485176356
omar-elsharawy-gFHBofW3ncQ-unsplash,h264v@targetbbp100=8_preset=p132,0.8623618345952375
omar-elsharawy-gFHBofW3ncQ-unsplash,h264v@targetbbp100=16_preset=p220,2.143869324926971
omar-elsharawy-gFHBofW3ncQ-unsplash,h264v@targetbbp100=12_preset=p220,2.207472083181334
omar-elsharawy-gFHBofW3ncQ-unsplash,h264v@targetbbp100=12_preset=p132,1.9215355760261315
omar-elsharawy-gFHBofW3ncQ-unsplash,h264v@targetbbp100=16_preset=p310,2.1196097746348914
omar-elsharawy-gFHBofW3ncQ-unsplash,h264v@targetbbp100=12_preset=none,1.6585189493145667
omar-elsharawy-gFHBofW3ncQ-unsplash,h264v@targetbbp100=16_preset=p132,2.1563395806406382
omar-elsharawy-gFHBofW3ncQ-unsplash,h264v@targetbbp100=8_preset=p220,0.9177092429880525
omar-elsharawy-gFHBofW3ncQ-unsplash,h264v@targetbbp100=8_preset=none,0.0
omar-elsharawy-gFHBofW3ncQ-unsplash,h264v@targetbbp100=12_preset=p310,1.5285103323939002
jose-aragones-Bg7PsenHNeE-unsplash,h264v@targetbbp100=8_preset=p220,1.0348403006529863
jose-aragones-Bg7PsenHNeE-unsplash,h264v@targetbbp100=16_preset=p132,4.422586261140214
jose-aragones-Bg7PsenHNeE-unsplash,h264v@targetbbp100=12_preset=p220,3.4256589631994663
jose-aragones-Bg7PsenHNeE-unsplash,h264v@targetbbp100=8_preset=p132,0.8675969752685209
jose-aragones-Bg7PsenHNeE-unsplash,h264v@targetbbp100=12_preset=p132,3.674655618072366
jose-aragones-Bg7PsenHNeE-unsplash,h264v@targetbbp100=8_preset=none,0.0
jose-aragones-Bg7PsenHNeE-unsplash,h264v@targetbbp100=16_preset=p220,4.945158382210462
jose-aragones-Bg7PsenHNeE-unsplash,h264v@targetbbp100=12_preset=none,2.605635186856591
jose-aragones-Bg7PsenHNeE-unsplash,h264v@targetbbp100=16_preset=p310,4.15004762028141
jose-aragones-Bg7PsenHNeE-unsplash,h264v@targetbbp100=12_preset=p310,3.0427130897187906
jose-aragones-Bg7PsenHNeE-unsplash,h264v@targetbbp100=8_preset=p310,0.4159016174220934
jose-aragones-Bg7PsenHNeE-unsplash,h264v@targetbbp100=16_preset=none,3.398066295573517
laura-chouette-mVItXllDCuA-unsplash,h264v@targetbbp100=8_preset=p310,0.0
laura-chouette-mVItXllDCuA-unsplash,h264v@targetbbp100=8_preset=none,1.4207741665739597
laura-chouette-mVItXllDCuA-unsplash,h264v@targetbbp100=12_preset=none,2.2478255627146373
laura-chouette-mVItXllDCuA-unsplash,h264v@targetbbp100=12_preset=p220,1.5251775613550598
laura-chouette-mVItXllDCuA-unsplash,h264v@targetbbp100=8_preset=p132,0.7910213152518533
laura-chouette-mVItXllDCuA-unsplash,h264v@targetbbp100=16_preset=p310,1.9260032960991398
laura-chouette-mVItXllDCuA-unsplash,h264v@targetbbp100=16_preset=p132,1.4190080475882163
laura-chouette-mVItXllDCuA-unsplash,h264v@targetbbp100=8_preset=p220,0.6458630810603785
laura-chouette-mVItXllDCuA-unsplash,h264v@targetbbp100=16_preset=none,2.5568546400452585
laura-chouette-mVItXllDCuA-unsplash,h264v@targetbbp100=12_preset=p310,0.9472875451418998
laura-chouette-mVItXllDCuA-unsplash,h264v@targetbbp100=12_preset=p132,1.5923009991667414
laura-chouette-mVItXllDCuA-unsplash,h264v@targetbbp100=16_preset=p220,1.9772113275174066
jason-ortego-GbZsvIIi4Xw-unsplash,h264v@targetbbp100=8_preset=p220,2.3280028982649412
jason-ortego-GbZsvIIi4Xw-unsplash,h264v@targetbbp100=12_preset=p132,4.9926602405191645
jason-ortego-GbZsvIIi4Xw-unsplash,h264v@targetbbp100=8_preset=none,0.0
jason-ortego-GbZsvIIi4Xw-unsplash,h264v@targetbbp100=16_preset=none,5.142907232108685
jason-ortego-GbZsvIIi4Xw-unsplash,h264v@targetbbp100=16_preset=p220,6.382771410145865
jason-ortego-GbZsvIIi4Xw-unsplash,h264v@targetbbp100=16_preset=p310,5.932819010585926
jason-ortego-GbZsvIIi4Xw-unsplash,h264v@targetbbp100=8_preset=p310,2.34032810246929
jason-ortego-GbZsvIIi4Xw-unsplash,h264v@targetbbp100=8_preset=p132,1.5803207032052111
jason-ortego-GbZsvIIi4Xw-unsplash,h264v@targetbbp100=12_preset=p310,4.4954110825740585
jason-ortego-GbZsvIIi4Xw-unsplash,h264v@targetbbp100=12_preset=p220,4.7368185156670055
jason-ortego-GbZsvIIi4Xw-unsplash,h264v@targetbbp100=16_preset=p132,6.835863495340785
jason-ortego-GbZsvIIi4Xw-unsplash,h264v@targetbbp100=12_preset=none,3.066172921093214
abhas-mishra-BD3qGeorAFY-unsplash,h264v@targetbbp100=16_preset=p132,3.69750426900902
abhas-mishra-BD3qGeorAFY-unsplash,h264v@targetbbp100=16_preset=p220,3.4240815486237017
abhas-mishra-BD3qGeorAFY-unsplash,h264v@targetbbp100=12_preset=p310,3.063561755026735
abhas-mishra-BD3qGeorAFY-unsplash,h264v@targetbbp100=12_preset=p132,3.0294321033968274
abhas-mishra-BD3qGeorAFY-unsplash,h264v@targetbbp100=12_preset=p220,2.6005555679590886
abhas-mishra-BD3qGeorAFY-unsplash,h264v@targetbbp100=8_preset=p132,2.2566620290298003
abhas-mishra-BD3qGeorAFY-unsplash,h264v@targetbbp100=8_preset=p220,2.0036739970712434
abhas-mishra-BD3qGeorAFY-unsplash,h264v@targetbbp100=16_preset=p310,3.5016214624830324
abhas-mishra-BD3qGeorAFY-unsplash,h264v@targetbbp100=8_preset=p310,2.1354834476555276
abhas-mishra-BD3qGeorAFY-unsplash,h264v@targetbbp100=16_preset=none,2.7979968859705595
abhas-mishra-BD3qGeorAFY-unsplash,h264v@targetbbp100=12_preset=none,2.370120773879037
abhas-mishra-BD3qGeorAFY-unsplash,h264v@targetbbp100=8_preset=none,0.0
darsh-nishar-jj4iWf9L23w-unsplash,h264v@targetbbp100=16_preset=p220,4.518297482433974
darsh-nishar-jj4iWf9L23w-unsplash,h264v@targetbbp100=16_preset=p132,4.7979301613360334
darsh-nishar-jj4iWf9L23w-unsplash,h264v@targetbbp100=12_preset=p132,3.4988015987021157
darsh-nishar-jj4iWf9L23w-unsplash,h264v@targetbbp100=12_preset=p220,3.9983207599430526
darsh-nishar-jj4iWf9L23w-unsplash,h264v@targetbbp100=8_preset=p220,1.4335344544606623
darsh-nishar-jj4iWf9L23w-unsplash,h264v@targetbbp100=12_preset=none,4.307785006891702
darsh-nishar-jj4iWf9L23w-unsplash,h264v@targetbbp100=8_preset=none,2.8077744952493755
darsh-nishar-jj4iWf9L23w-unsplash,h264v@targetbbp100=8_preset=p310,0.0
darsh-nishar-jj4iWf9L23w-unsplash,h264v@targetbbp100=12_preset=p310,2.464228131505295
darsh-nishar-jj4iWf9L23w-unsplash,h264v@targetbbp100=8_preset=p132,2.2108573147574186
darsh-nishar-jj4iWf9L23w-unsplash,h264v@targetbbp100=16_preset=p310,3.3357404446396863
darsh-nishar-jj4iWf9L23w-unsplash,h264v@targetbbp100=16_preset=none,4.750355660187776
aaron-greenwood-x9zy_1oHjqw-unsplash,h264v@targetbbp100=8_preset=p132,0.5780283161057881
aaron-greenwood-x9zy_1oHjqw-unsplash,h264v@targetbbp100=8_preset=p310,1.4536211289742953
aaron-greenwood-x9zy_1oHjqw-unsplash,h264v@targetbbp100=16_preset=p310,4.961234328617705
aaron-greenwood-x9zy_1oHjqw-unsplash,h264v@targetbbp100=16_preset=p132,4.629755400279209
aaron-greenwood-x9zy_1oHjqw-unsplash,h264v@targetbbp100=8_preset=p220,0.6646176386557283
aaron-greenwood-x9zy_1oHjqw-unsplash,h264v@targetbbp100=16_preset=p220,5.102089262140978
aaron-greenwood-x9zy_1oHjqw-unsplash,h264v@targetbbp100=12_preset=p220,3.0983847283444015
aaron-greenwood-x9zy_1oHjqw-unsplash,h264v@targetbbp100=8_preset=none,0.0
aaron-greenwood-x9zy_1oHjqw-unsplash,h264v@targetbbp100=12_preset=p132,2.946391345634803
aaron-greenwood-x9zy_1oHjqw-unsplash,h264v@targetbbp100=12_preset=p310,3.482825754408064
aaron-greenwood-x9zy_1oHjqw-unsplash,h264v@targetbbp100=16_preset=none,4.225118869377066
aaron-greenwood-x9zy_1oHjqw-unsplash,h264v@targetbbp100=12_preset=none,2.7005445121080434
priscilla-du-preez-Vzsh-CuzCrU-unsplash,h264v@targetbbp100=12_preset=p310,5.696670432650005
priscilla-du-preez-Vzsh-CuzCrU-unsplash,h264v@targetbbp100=12_preset=p132,4.3136774195679966
priscilla-du-preez-Vzsh-CuzCrU-unsplash,h264v@targetbbp100=8_preset=p310,3.551028536510485
priscilla-du-preez-Vzsh-CuzCrU-unsplash,h264v@targetbbp100=8_preset=none,0.0
priscilla-du-preez-Vzsh-CuzCrU-unsplash,h264v@targetbbp100=16_preset=p132,7.2122014374293535
priscilla-du-preez-Vzsh-CuzCrU-unsplash,h264v@targetbbp100=8_preset=p220,2.5402379467267684
priscilla-du-preez-Vzsh-CuzCrU-unsplash,h264v@targetbbp100=16_preset=none,5.742984859194669
priscilla-du-preez-Vzsh-CuzCrU-unsplash,h264v@targetbbp100=16_preset=p220,7.068134568503722
priscilla-du-preez-Vzsh-CuzCrU-unsplash,h264v@targetbbp100=8_preset=p132,1.024423958496964
priscilla-du-preez-Vzsh-CuzCrU-unsplash,h264v@targetbbp100=16_preset=p310,8.241009675258434
priscilla-du-preez-Vzsh-CuzCrU-unsplash,h264v@targetbbp100=12_preset=p220,4.768861846989311
priscilla-du-preez-Vzsh-CuzCrU-unsplash,h264v@targetbbp100=12_preset=none,3.1251717665667456
loren-joseph-GVeJ-TXWJ1g-unsplash,h264v@targetbbp100=16_preset=p220,4.3010486424716134
loren-joseph-GVeJ-TXWJ1g-unsplash,h264v@targetbbp100=8_preset=none,0.0
loren-joseph-GVeJ-TXWJ1g-unsplash,h264v@targetbbp100=16_preset=p132,4.716735420211517
loren-joseph-GVeJ-TXWJ1g-unsplash,h264v@targetbbp100=12_preset=p220,3.730210038809971
loren-joseph-GVeJ-TXWJ1g-unsplash,h264v@targetbbp100=16_preset=p310,3.935943405895218
loren-joseph-GVeJ-TXWJ1g-unsplash,h264v@targetbbp100=8_preset=p310,0.6783638645275052
loren-joseph-GVeJ-TXWJ1g-unsplash,h264v@targetbbp100=8_preset=p132,1.3974531161943626
loren-joseph-GVeJ-TXWJ1g-unsplash,h264v@targetbbp100=8_preset=p220,1.2220421385586748
loren-joseph-GVeJ-TXWJ1g-unsplash,h264v@targetbbp100=12_preset=p132,2.9599505587964385
loren-joseph-GVeJ-TXWJ1g-unsplash,h264v@targetbbp100=16_preset=none,3.6008421556909296
loren-joseph-GVeJ-TXWJ1g-unsplash,h264v@targetbbp100=12_preset=none,1.9981725311034455
loren-joseph-GVeJ-TXWJ1g-unsplash,h264v@targetbbp100=12_preset=p310,3.1546881851082484
yousef-salhamoud-MN1kPDS3si8-unsplash,h264v@targetbbp100=8_preset=none,0.0
yousef-salhamoud-MN1kPDS3si8-unsplash,h264v@targetbbp100=16_preset=p132,1.149740550652442
yousef-salhamoud-MN1kPDS3si8-unsplash,h264v@targetbbp100=16_preset=p220,1.2208934769625626
yousef-salhamoud-MN1kPDS3si8-unsplash,h264v@targetbbp100=8_preset=p132,0.6260323799035612
yousef-salhamoud-MN1kPDS3si8-unsplash,h264v@targetbbp100=16_preset=p310,0.9796209586490984
yousef-salhamoud-MN1kPDS3si8-unsplash,h264v@targetbbp100=8_preset=p310,0.21386685193242608
yousef-salhamoud-MN1kPDS3si8-unsplash,h264v@targetbbp100=16_preset=none,0.798268285326066
yousef-salhamoud-MN1kPDS3si8-unsplash,h264v@targetbbp100=12_preset=p220,1.0485195384801331
yousef-salhamoud-MN1kPDS3si8-unsplash,h264v@targetbbp100=12_preset=p310,0.8220653441745767
yousef-salhamoud-MN1kPDS3si8-unsplash,h264v@targetbbp100=8_preset=p220,0.3134127099298669
yousef-salhamoud-MN1kPDS3si8-unsplash,h264v@targetbbp100=12_preset=p132,0.6471999429291674
yousef-salhamoud-MN1kPDS3si8-unsplash,h264v@targetbbp100=12_preset=none,0.7912070287537236
kanokphon-chaemchoi-R6ksOVDT-_k-unsplash,h264v@targetbbp100=8_preset=p132,1.6382933257826695
kanokphon-chaemchoi-R6ksOVDT-_k-unsplash,h264v@targetbbp100=16_preset=p132,4.46132664549412
kanokphon-chaemchoi-R6ksOVDT-_k-unsplash,h264v@targetbbp100=16_preset=none,3.974985680874073
kanokphon-chaemchoi-R6ksOVDT-_k-unsplash,h264v@targetbbp100=8_preset=p220,0.3654623980987388
kanokphon-chaemchoi-R6ksOVDT-_k-unsplash,h264v@targetbbp100=16_preset=p310,4.03404016856876
kanokphon-chaemchoi-R6ksOVDT-_k-unsplash,h264v@targetbbp100=12_preset=p220,2.5598214298565916
kanokphon-chaemchoi-R6ksOVDT-_k-unsplash,h264v@targetbbp100=8_preset=none,0.0
kanokphon-chaemchoi-R6ksOVDT-_k-unsplash,h264v@targetbbp100=8_preset=p310,0.9908810238686344
kanokphon-chaemchoi-R6ksOVDT-_k-unsplash,h264v@targetbbp100=16_preset=p220,4.355291942915405
kanokphon-chaemchoi-R6ksOVDT-_k-unsplash,h264v@targetbbp100=12_preset=p310,2.61824747187653
kanokphon-chaemchoi-R6ksOVDT-_k-unsplash,h264v@targetbbp100=12_preset=p132,3.0153706625499934
kanokphon-chaemchoi-R6ksOVDT-_k-unsplash,h264v@targetbbp100=12_preset=none,2.588551563867382
theo-rql-a4pyoiTdSqI-unsplash,h264v@targetbbp100=16_preset=p220,2.9645487558461414
theo-rql-a4pyoiTdSqI-unsplash,h264v@targetbbp100=12_preset=p220,2.6247628038876627
theo-rql-a4pyoiTdSqI-unsplash,h264v@targetbbp100=16_preset=none,1.824809930602658
theo-rql-a4pyoiTdSqI-unsplash,h264v@targetbbp100=16_preset=p132,2.980349713172284
theo-rql-a4pyoiTdSqI-unsplash,h264v@targetbbp100=16_preset=p310,2.6850882941573677
theo-rql-a4pyoiTdSqI-unsplash,h264v@targetbbp100=8_preset=none,0.0
theo-rql-a4pyoiTdSqI-unsplash,h264v@targetbbp100=8_preset=p220,1.4965114744621233
theo-rql-a4pyoiTdSqI-unsplash,h264v@targetbbp100=8_preset=p132,0.7587551617468069
theo-rql-a4pyoiTdSqI-unsplash,h264v@targetbbp100=12_preset=none,0.7433073307807643
theo-rql-a4pyoiTdSqI-unsplash,h264v@targetbbp100=12_preset=p132,2.2343839231351486
theo-rql-a4pyoiTdSqI-unsplash,h264v@targetbbp100=12_preset=p310,2.2492632883950683
theo-rql-a4pyoiTdSqI-unsplash,h264v@targetbbp100=8_preset=p310,1.0479664711517802
lucas-ludwig-BgA72cNAo5Y-unsplash,h264v@targetbbp100=12_preset=p132,1.3191435058719188
lucas-ludwig-BgA72cNAo5Y-unsplash,h264v@targetbbp100=16_preset=p132,1.4612220142084396
lucas-ludwig-BgA72cNAo5Y-unsplash,h264v@targetbbp100=12_preset=p220,1.2881492386321947
lucas-ludwig-BgA72cNAo5Y-unsplash,h264v@targetbbp100=16_preset=none,1.4850582971487087
lucas-ludwig-BgA72cNAo5Y-unsplash,h264v@targetbbp100=16_preset=p220,1.516714184202144
lucas-ludwig-BgA72cNAo5Y-unsplash,h264v@targetbbp100=8_preset=p310,0.0
lucas-ludwig-BgA72cNAo5Y-unsplash,h264v@targetbbp100=16_preset=p310,1.2827291308970696
lucas-ludwig-BgA72cNAo5Y-unsplash,h264v@targetbbp100=12_preset=p310,1.010879012087824
lucas-ludwig-BgA72cNAo5Y-unsplash,h264v@targetbbp100=8_preset=p220,0.5478573079502543
lucas-ludwig-BgA72cNAo5Y-unsplash,h264v@targetbbp100=8_preset=none,0.14857889375327726
lucas-ludwig-BgA72cNAo5Y-unsplash,h264v@targetbbp100=8_preset=p132,0.23505338793865738
lucas-ludwig-BgA72cNAo5Y-unsplash,h264v@targetbbp100=12_preset=none,1.031569785104407
patrick-minero-DG1cd69wKng-unsplash,h264v@targetbbp100=8_preset=p310,0.9508454222459022
patrick-minero-DG1cd69wKng-unsplash,h264v@targetbbp100=12_preset=p310,3.5921770669523108
patrick-minero-DG1cd69wKng-unsplash,h264v@targetbbp100=16_preset=p132,5.803879923366775
patrick-minero-DG1cd69wKng-unsplash,h264v@targetbbp100=16_preset=p310,4.978888808959711
patrick-minero-DG1cd69wKng-unsplash,h264v@targetbbp100=16_preset=p220,5.0809966053886235
patrick-minero-DG1cd69wKng-unsplash,h264v@targetbbp100=8_preset=p220,1.2178640472107456
patrick-minero-DG1cd69wKng-unsplash,h264v@targetbbp100=8_preset=none,0.0
patrick-minero-DG1cd69wKng-unsplash,h264v@targetbbp100=12_preset=p132,3.9042985146790103
patrick-minero-DG1cd69wKng-unsplash,h264v@targetbbp100=8_preset=p132,0.8307803046338739
patrick-minero-DG1cd69wKng-unsplash,h264v@targetbbp100=12_preset=none,2.886616835776869
patrick-minero-DG1cd69wKng-unsplash,h264v@targetbbp100=16_preset=none,3.9175394389074674
patrick-minero-DG1cd69wKng-unsplash,h264v@targetbbp100=12_preset=p220,3.987319518359497
srinivas-jd-_xBVCanNjcs-unsplash,h264v@targetbbp100=16_preset=p220,6.131986650331765
srinivas-jd-_xBVCanNjcs-unsplash,h264v@targetbbp100=16_preset=p310,6.862900005727154
srinivas-jd-_xBVCanNjcs-unsplash,h264v@targetbbp100=12_preset=none,2.3006242378933637
srinivas-jd-_xBVCanNjcs-unsplash,h264v@targetbbp100=12_preset=p132,4.8350544252380026
srinivas-jd-_xBVCanNjcs-unsplash,h264v@targetbbp100=12_preset=p310,5.321547629983121
srinivas-jd-_xBVCanNjcs-unsplash,h264v@targetbbp100=8_preset=none,0.0
srinivas-jd-_xBVCanNjcs-unsplash,h264v@targetbbp100=8_preset=p132,2.2615174870945136
srinivas-jd-_xBVCanNjcs-unsplash,h264v@targetbbp100=8_preset=p220,1.769743499969107
srinivas-jd-_xBVCanNjcs-unsplash,h264v@targetbbp100=8_preset=p310,2.6737263190875438
srinivas-jd-_xBVCanNjcs-unsplash,h264v@targetbbp100=16_preset=none,4.430430439844909
srinivas-jd-_xBVCanNjcs-unsplash,h264v@targetbbp100=16_preset=p132,6.933210094758206
srinivas-jd-_xBVCanNjcs-unsplash,h264v@targetbbp100=12_preset=p220,4.34132051808775
randy-tarampi-a5KMylND9Bo-unsplash,h264v@targetbbp100=16_preset=p220,4.566463758971903
randy-tarampi-a5KMylND9Bo-unsplash,h264v@targetbbp100=12_preset=p310,2.8721242434438183
randy-tarampi-a5KMylND9Bo-unsplash,h264v@targetbbp100=16_preset=none,3.3210439943428867
randy-tarampi-a5KMylND9Bo-unsplash,h264v@targetbbp100=8_preset=p310,1.057718450134161
randy-tarampi-a5KMylND9Bo-unsplash,h264v@targetbbp100=8_preset=none,0.0
randy-tarampi-a5KMylND9Bo-unsplash,h264v@targetbbp100=8_preset=p220,1.2115368354346567
randy-tarampi-a5KMylND9Bo-unsplash,h264v@targetbbp100=16_preset=p132,4.152741138899944
randy-tarampi-a5KMylND9Bo-unsplash,h264v@targetbbp100=16_preset=p310,4.058770987424087
randy-tarampi-a5KMylND9Bo-unsplash,h264v@targetbbp100=12_preset=p220,3.131898771149257
randy-tarampi-a5KMylND9Bo-unsplash,h264v@targetbbp100=12_preset=none,1.689671375126447
randy-tarampi-a5KMylND9Bo-unsplash,h264v@targetbbp100=8_preset=p132,0.6912876926983134
randy-tarampi-a5KMylND9Bo-unsplash,h264v@targetbbp100=12_preset=p132,2.6548866405582365
gracehues-photography-qyIhTg2x8jk-unsplash,h264v@targetbbp100=16_preset=p132,5.5848903830601255
gracehues-photography-qyIhTg2x8jk-unsplash,h264v@targetbbp100=8_preset=none,0.0
gracehues-photography-qyIhTg2x8jk-unsplash,h264v@targetbbp100=8_preset=p132,2.2239176188614485
gracehues-photography-qyIhTg2x8jk-unsplash,h264v@targetbbp100=12_preset=p310,3.7497703790143477
gracehues-photography-qyIhTg2x8jk-unsplash,h264v@targetbbp100=8_preset=p220,1.2975815284972985
gracehues-photography-qyIhTg2x8jk-unsplash,h264v@targetbbp100=16_preset=p310,5.140552334136939
gracehues-photography-qyIhTg2x8jk-unsplash,h264v@targetbbp100=8_preset=p310,1.6026228133056581
gracehues-photography-qyIhTg2x8jk-unsplash,h264v@targetbbp100=16_preset=none,4.629827685771448
gracehues-photography-qyIhTg2x8jk-unsplash,h264v@targetbbp100=12_preset=p132,4.431581491147009
gracehues-photography-qyIhTg2x8jk-unsplash,h264v@targetbbp100=12_preset=p220,3.962729951888808
gracehues-photography-qyIhTg2x8jk-unsplash,h264v@targetbbp100=16_preset=p220,5.628050790999297
gracehues-photography-qyIhTg2x8jk-unsplash,h264v@targetbbp100=12_preset=none,2.8975044507170877
ban-yido--rP8CP8usWc-unsplash,h264v@targetbbp100=16_preset=p132,4.162186256058106
ban-yido--rP8CP8usWc-unsplash,h264v@targetbbp100=16_preset=none,3.5276003590045404
ban-yido--rP8CP8usWc-unsplash,h264v@targetbbp100=12_preset=p310,3.1013131016742044
ban-yido--rP8CP8usWc-unsplash,h264v@targetbbp100=12_preset=p132,3.1825164186618586
ban-yido--rP8CP8usWc-unsplash,h264v@targetbbp100=16_preset=p310,3.937725641296355
ban-yido--rP8CP8usWc-unsplash,h264v@targetbbp100=8_preset=p310,1.202596776242265
ban-yido--rP8CP8usWc-unsplash,h264v@targetbbp100=16_preset=p220,3.8439358331701317
ban-yido--rP8CP8usWc-unsplash,h264v@targetbbp100=12_preset=none,1.4541743200244093
ban-yido--rP8CP8usWc-unsplash,h264v@targetbbp100=8_preset=none,0.0
ban-yido--rP8CP8usWc-unsplash,h264v@targetbbp100=12_preset=p220,2.8133955164334434
ban-yido--rP8CP8usWc-unsplash,h264v@targetbbp100=8_preset=p220,1.050402553247785
ban-yido--rP8CP8usWc-unsplash,h264v@targetbbp100=8_preset=p132,0.863585697421609
hanny-naibaho-D7InODIWyK4-unsplash,h264v@targetbbp100=12_preset=p220,3.1641256005166345
hanny-naibaho-D7InODIWyK4-unsplash,h264v@targetbbp100=16_preset=p132,5.312575660042169
hanny-naibaho-D7InODIWyK4-unsplash,h264v@targetbbp100=8_preset=p132,0.8448668883669788
hanny-naibaho-D7InODIWyK4-unsplash,h264v@targetbbp100=16_preset=none,4.6885378238380255
hanny-naibaho-D7InODIWyK4-unsplash,h264v@targetbbp100=8_preset=p310,0.0
hanny-naibaho-D7InODIWyK4-unsplash,h264v@targetbbp100=16_preset=p220,4.8934028109844485
hanny-naibaho-D7InODIWyK4-unsplash,h264v@targetbbp100=8_preset=p220,1.284949563848521
hanny-naibaho-D7InODIWyK4-unsplash,h264v@targetbbp100=12_preset=none,3.212766652901774
hanny-naibaho-D7InODIWyK4-unsplash,h264v@targetbbp100=12_preset=p310,2.496829365266676
hanny-naibaho-D7InODIWyK4-unsplash,h264v@targetbbp100=12_preset=p132,3.6305136653929795
hanny-naibaho-D7InODIWyK4-unsplash,h264v@targetbbp100=8_preset=none,0.598660837999037
hanny-naibaho-D7InODIWyK4-unsplash,h264v@targetbbp100=16_preset=p310,4.662839999909465
youhana-nassif-YBpSX76CQaE-unsplash,h264v@targetbbp100=12_preset=none,3.261907728152092
youhana-nassif-YBpSX76CQaE-unsplash,h264v@targetbbp100=16_preset=p132,3.9052039355037094
youhana-nassif-YBpSX76CQaE-unsplash,h264v@targetbbp100=8_preset=none,1.8941419276613651
youhana-nassif-YBpSX76CQaE-unsplash,h264v@targetbbp100=12_preset=p310,2.5248305705926373
youhana-nassif-YBpSX76CQaE-unsplash,h264v@targetbbp100=8_preset=p310,0.0
youhana-nassif-YBpSX76CQaE-unsplash,h264v@targetbbp100=16_preset=none,4.217128839452705
youhana-nassif-YBpSX76CQaE-unsplash,h264v@targetbbp100=8_preset=p220,1.5333515663170965
youhana-nassif-YBpSX76CQaE-unsplash,h264v@targetbbp100=8_preset=p132,2.2660754250056576
youhana-nassif-YBpSX76CQaE-unsplash,h264v@targetbbp100=16_preset=p310,3.023692017280434
youhana-nassif-YBpSX76CQaE-unsplash,h264v@targetbbp100=12_preset=p132,3.612667213115225
youhana-nassif-YBpSX76CQaE-unsplash,h264v@targetbbp100=12_preset=p220,3.0012071307902817
youhana-nassif-YBpSX76CQaE-unsplash,h264v@targetbbp100=16_preset=p220,3.840117565169609
mahamed-salama-o4USOqjzH2I-unsplash,h264v@targetbbp100=16_preset=p220,2.0273568540424938
mahamed-salama-o4USOqjzH2I-unsplash,h264v@targetbbp100=8_preset=p220,0.8022703279387504
mahamed-salama-o4USOqjzH2I-unsplash,h264v@targetbbp100=8_preset=none,0.0
mahamed-salama-o4USOqjzH2I-unsplash,h264v@targetbbp100=16_preset=p310,1.5401951629673263
mahamed-salama-o4USOqjzH2I-unsplash,h264v@targetbbp100=12_preset=p310,0.9763940879042907
mahamed-salama-o4USOqjzH2I-unsplash,h264v@targetbbp100=8_preset=p310,0.0988231686090082
mahamed-salama-o4USOqjzH2I-unsplash,h264v@targetbbp100=12_preset=p220,1.3525735124315
mahamed-salama-o4USOqjzH2I-unsplash,h264v@targetbbp100=16_preset=none,2.2914401591558047
mahamed-salama-o4USOqjzH2I-unsplash,h264v@targetbbp100=8_preset=p132,0.6138269717984866
mahamed-salama-o4USOqjzH2I-unsplash,h264v@targetbbp100=12_preset=none,0.9717919194589555
mahamed-salama-o4USOqjzH2I-unsplash,h264v@targetbbp100=12_preset=p132,1.4785776968675957
mahamed-salama-o4USOqjzH2I-unsplash,h264v@targetbbp100=16_preset=p132,1.8925760730237382
marius-george-oprea-hSFmn7lLp0g-unsplash,h264v@targetbbp100=16_preset=p220,4.429266118612936
marius-george-oprea-hSFmn7lLp0g-unsplash,h264v@targetbbp100=16_preset=none,3.283460149047376
marius-george-oprea-hSFmn7lLp0g-unsplash,h264v@targetbbp100=12_preset=p220,2.8515807650208655
marius-george-oprea-hSFmn7lLp0g-unsplash,h264v@targetbbp100=8_preset=p310,0.3004668507671031
marius-george-oprea-hSFmn7lLp0g-unsplash,h264v@targetbbp100=8_preset=p132,0.7733956593009941
marius-george-oprea-hSFmn7lLp0g-unsplash,h264v@targetbbp100=12_preset=none,2.1217799863995817
marius-george-oprea-hSFmn7lLp0g-unsplash,h264v@targetbbp100=12_preset=p132,2.7981536790717803
marius-george-oprea-hSFmn7lLp0g-unsplash,h264v@targetbbp100=16_preset=p310,4.020629315545486
marius-george-oprea-hSFmn7lLp0g-unsplash,h264v@targetbbp100=8_preset=p220,0.34068246877255515
marius-george-oprea-hSFmn7lLp0g-unsplash,h264v@targetbbp100=8_preset=none,0.0
marius-george-oprea-hSFmn7lLp0g-unsplash,h264v@targetbbp100=12_preset=p310,2.471781542577741
marius-george-oprea-hSFmn7lLp0g-unsplash,h264v@targetbbp100=16_preset=p132,4.306887596874732
fezbot2000-9GHW302mRBk-unsplash,h264v@targetbbp100=16_preset=p310,2.0501686194473097
fezbot2000-9GHW302mRBk-unsplash,h264v@targetbbp100=12_preset=p132,1.6314488687330975
fezbot2000-9GHW302mRBk-unsplash,h264v@targetbbp100=12_preset=none,1.7151661236349116
fezbot2000-9GHW302mRBk-unsplash,h264v@targetbbp100=8_preset=p310,0.31073174361772726
fezbot2000-9GHW302mRBk-unsplash,h264v@targetbbp100=12_preset=p220,2.0294098596120596
fezbot2000-9GHW302mRBk-unsplash,h264v@targetbbp100=12_preset=p310,1.4994479127418683
fezbot2000-9GHW302mRBk-unsplash,h264v@targetbbp100=8_preset=p220,0.46115400586337874
fezbot2000-9GHW302mRBk-unsplash,h264v@targetbbp100=8_preset=none,0.0
fezbot2000-9GHW302mRBk-unsplash,h264v@targetbbp100=16_preset=p132,2.506500614065833
fezbot2000-9GHW302mRBk-unsplash,h264v@targetbbp100=8_preset=p132,0.09947767250610262
fezbot2000-9GHW302mRBk-unsplash,h264v@targetbbp100=16_preset=none,2.250266948106714
fezbot2000-9GHW302mRBk-unsplash,h264v@targetbbp100=16_preset=p220,2.361705972833479
tom-chen-jO1OyKR7s68-unsplash,h264v@targetbbp100=16_preset=none,1.9915135876024759
tom-chen-jO1OyKR7s68-unsplash,h264v@targetbbp100=16_preset=p220,2.9048737236847497
tom-chen-jO1OyKR7s68-unsplash,h264v@targetbbp100=8_preset=none,0.6225969764150228
tom-chen-jO1OyKR7s68-unsplash,h264v@targetbbp100=12_preset=p220,2.2208072755994825
tom-chen-jO1OyKR7s68-unsplash,h264v@targetbbp100=8_preset=p220,1.0704540314662738
tom-chen-jO1OyKR7s68-unsplash,h264v@targetbbp100=16_preset=p132,2.7360029283201333
tom-chen-jO1OyKR7s68-unsplash,h264v@targetbbp100=12_preset=p132,1.9646364705393644
tom-chen-jO1OyKR7s68-unsplash,h264v@targetbbp100=8_preset=p132,0.0
tom-chen-jO1OyKR7s68-unsplash,h264v@targetbbp100=12_preset=p310,2.1674235265132276
tom-chen-jO1OyKR7s68-unsplash,h264v@targetbbp100=8_preset=p310,0.7236703292780307
tom-chen-jO1OyKR7s68-unsplash,h264v@targetbbp100=12_preset=none,1.7527455824771416
tom-chen-jO1OyKR7s68-unsplash,h264v@targetbbp100=16_preset=p310,2.739454114961125
mohammed-hassan-qm7gFVsIV5s-unsplash,h264v@targetbbp100=8_preset=p132,0.9081661084429339
mohammed-hassan-qm7gFVsIV5s-unsplash,h264v@targetbbp100=16_preset=p132,3.674067385263312
mohammed-hassan-qm7gFVsIV5s-unsplash,h264v@targetbbp100=8_preset=p220,1.1810480671812007
mohammed-hassan-qm7gFVsIV5s-unsplash,h264v@targetbbp100=12_preset=p220,3.0218014277911633
mohammed-hassan-qm7gFVsIV5s-unsplash,h264v@targetbbp100=8_preset=p310,0.0
mohammed-hassan-qm7gFVsIV5s-unsplash,h264v@targetbbp100=8_preset=none,1.218603539401372
mohammed-hassan-qm7gFVsIV5s-unsplash,h264v@targetbbp100=16_preset=none,3.0138433756107603
mohammed-hassan-qm7gFVsIV5s-unsplash,h264v@targetbbp100=16_preset=p310,3.391358924148661
mohammed-hassan-qm7gFVsIV5s-unsplash,h264v@targetbbp100=16_preset=p220,3.9227743706875366
mohammed-hassan-qm7gFVsIV5s-unsplash,h264v@targetbbp100=12_preset=p310,1.793929046780327
mohammed-hassan-qm7gFVsIV5s-unsplash,h264v@targetbbp100=12_preset=none,2.320240592194862
mohammed-hassan-qm7gFVsIV5s-unsplash,h264v@targetbbp100=12_preset=p132,2.64887057835666
bernardo-ramonfaur-fhahHV8wSnI-unsplash,h264v@targetbbp100=16_preset=p310,4.579905129710136
bernardo-ramonfaur-fhahHV8wSnI-unsplash,h264v@targetbbp100=16_preset=p220,5.244453032329036
bernardo-ramonfaur-fhahHV8wSnI-unsplash,h264v@targetbbp100=12_preset=p310,3.4788243757464676
bernardo-ramonfaur-fhahHV8wSnI-unsplash,h264v@targetbbp100=12_preset=p220,3.92329186409835
bernardo-ramonfaur-fhahHV8wSnI-unsplash,h264v@targetbbp100=8_preset=p310,0.9807735237780628
bernardo-ramonfaur-fhahHV8wSnI-unsplash,h264v@targetbbp100=8_preset=p220,1.6592122386889048
bernardo-ramonfaur-fhahHV8wSnI-unsplash,h264v@targetbbp100=8_preset=none,0.0
bernardo-ramonfaur-fhahHV8wSnI-unsplash,h264v@targetbbp100=8_preset=p132,1.5942579988113983
bernardo-ramonfaur-fhahHV8wSnI-unsplash,h264v@targetbbp100=12_preset=p132,3.6639334366943705
bernardo-ramonfaur-fhahHV8wSnI-unsplash,h264v@targetbbp100=16_preset=p132,5.272364845728147
bernardo-ramonfaur-fhahHV8wSnI-unsplash,h264v@targetbbp100=12_preset=none,1.9448508226963819
bernardo-ramonfaur-fhahHV8wSnI-unsplash,h264v@targetbbp100=16_preset=none,3.158533800431078
roxanne-desgagnes-GUZHrk3Agco-unsplash,h264v@targetbbp100=12_preset=p132,3.313592160576071
roxanne-desgagnes-GUZHrk3Agco-unsplash,h264v@targetbbp100=16_preset=p220,5.8945359788647
roxanne-desgagnes-GUZHrk3Agco-unsplash,h264v@targetbbp100=12_preset=p220,3.6649835261785957
roxanne-desgagnes-GUZHrk3Agco-unsplash,h264v@targetbbp100=16_preset=none,3.867307617583739
roxanne-desgagnes-GUZHrk3Agco-unsplash,h264v@targetbbp100=8_preset=p310,0.0
roxanne-desgagnes-GUZHrk3Agco-unsplash,h264v@targetbbp100=8_preset=p132,1.5166385743548612
roxanne-desgagnes-GUZHrk3Agco-unsplash,h264v@targetbbp100=16_preset=p310,4.402235500217185
roxanne-desgagnes-GUZHrk3Agco-unsplash,h264v@targetbbp100=8_preset=p220,1.743670786506716
roxanne-desgagnes-GUZHrk3Agco-unsplash,h264v@targetbbp100=16_preset=p132,5.647372923634942
roxanne-desgagnes-GUZHrk3Agco-unsplash,h264v@targetbbp100=12_preset=p310,3.0225806086837768
roxanne-desgagnes-GUZHrk3Agco-unsplash,h264v@targetbbp100=8_preset=none,0.7801650623461538
roxanne-desgagnes-GUZHrk3Agco-unsplash,h264v@targetbbp100=12_preset=none,2.3221844907590405
jezael-melgoza-7H77FWkK_x4-unsplash,h264v@targetbbp100=12_preset=p220,3.14189741254962
jezael-melgoza-7H77FWkK_x4-unsplash,h264v@targetbbp100=16_preset=p310,4.114458274284838
jezael-melgoza-7H77FWkK_x4-unsplash,h264v@targetbbp100=12_preset=none,4.557558080974042
jezael-melgoza-7H77FWkK_x4-unsplash,h264v@targetbbp100=16_preset=p132,5.476885084871661
jezael-melgoza-7H77FWkK_x4-unsplash,h264v@targetbbp100=12_preset=p310,2.561031135035349
jezael-melgoza-7H77FWkK_x4-unsplash,h264v@targetbbp100=8_preset=p132,1.9112262772499506
jezael-melgoza-7H77FWkK_x4-unsplash,h264v@targetbbp100=16_preset=none,5.338875287944151
jezael-melgoza-7H77FWkK_x4-unsplash,h264v@targetbbp100=16_preset=p220,4.9409373591214365
jezael-melgoza-7H77FWkK_x4-unsplash,h264v@targetbbp100=8_preset=none,2.325083526517392
jezael-melgoza-7H77FWkK_x4-unsplash,h264v@targetbbp100=8_preset=p310,0.0
jezael-melgoza-7H77FWkK_x4-unsplash,h264v@targetbbp100=12_preset=p132,3.9228394058562617
jezael-melgoza-7H77FWkK_x4-unsplash,h264v@targetbbp100=8_preset=p220,1.1377985922629361
abhay-singh-GGO53CCHM_Q-unsplash,h264v@targetbbp100=12_preset=p220,3.33540367043062
abhay-singh-GGO53CCHM_Q-unsplash,h264v@targetbbp100=8_preset=p310,0.0
abhay-singh-GGO53CCHM_Q-unsplash,h264v@targetbbp100=12_preset=none,3.887495213435551
abhay-singh-GGO53CCHM_Q-unsplash,h264v@targetbbp100=8_preset=p220,1.403712261570322
abhay-singh-GGO53CCHM_Q-unsplash,h264v@targetbbp100=16_preset=none,4.222015491984881
abhay-singh-GGO53CCHM_Q-unsplash,h264v@targetbbp100=8_preset=none,1.3301228226806665
abhay-singh-GGO53CCHM_Q-unsplash,h264v@targetbbp100=16_preset=p132,4.037632982889007
abhay-singh-GGO53CCHM_Q-unsplash,h264v@targetbbp100=12_preset=p310,2.31930621105551
abhay-singh-GGO53CCHM_Q-unsplash,h264v@targetbbp100=16_preset=p220,4.222849191389931
abhay-singh-GGO53CCHM_Q-unsplash,h264v@targetbbp100=12_preset=p132,3.020678744244794
abhay-singh-GGO53CCHM_Q-unsplash,h264v@targetbbp100=8_preset=p132,1.466227362064784
abhay-singh-GGO53CCHM_Q-unsplash,h264v@targetbbp100=16_preset=p310,3.269531498177
omri-d-cohen-bzXLV93YL2k-unsplash,h264v@targetbbp100=8_preset=p220,2.2183004020614363
omri-d-cohen-bzXLV93YL2k-unsplash,h264v@targetbbp100=8_preset=p310,1.5775564489489877
omri-d-cohen-bzXLV93YL2k-unsplash,h264v@targetbbp100=12_preset=p220,4.012868656075794
omri-d-cohen-bzXLV93YL2k-unsplash,h264v@targetbbp100=16_preset=p310,4.542989589578177
omri-d-cohen-bzXLV93YL2k-unsplash,h264v@targetbbp100=12_preset=none,2.142026057244312
omri-d-cohen-bzXLV93YL2k-unsplash,h264v@targetbbp100=16_preset=p220,5.666303167685385
omri-d-cohen-bzXLV93YL2k-unsplash,h264v@targetbbp100=16_preset=p132,5.846170706216007
omri-d-cohen-bzXLV93YL2k-unsplash,h264v@targetbbp100=16_preset=none,3.800093595294801
omri-d-cohen-bzXLV93YL2k-unsplash,h264v@targetbbp100=12_preset=p132,4.230124902316891
omri-d-cohen-bzXLV93YL2k-unsplash,h264v@targetbbp100=12_preset=p310,3.1924947926506406
omri-d-cohen-bzXLV93YL2k-unsplash,h264v@targetbbp100=8_preset=p132,2.1434987781168022
omri-d-cohen-bzXLV93YL2k-unsplash,h264v@targetbbp100=8_preset=none,0.0
andy-kelly-0E_vhMVqL9g-unsplash,h264v@targetbbp100=16_preset=p132,5.785774923635363
andy-kelly-0E_vhMVqL9g-unsplash,h264v@targetbbp100=16_preset=p220,5.277613616035648
andy-kelly-0E_vhMVqL9g-unsplash,h264v@targetbbp100=8_preset=p132,2.0352042507957395
andy-kelly-0E_vhMVqL9g-unsplash,h264v@targetbbp100=16_preset=p310,5.408637134108769
andy-kelly-0E_vhMVqL9g-unsplash,h264v@targetbbp100=16_preset=none,4.957612064105169
andy-kelly-0E_vhMVqL9g-unsplash,h264v@targetbbp100=12_preset=p132,4.196664091918662
andy-kelly-0E_vhMVqL9g-unsplash,h264v@targetbbp100=8_preset=p220,2.749753055145287
andy-kelly-0E_vhMVqL9g-unsplash,h264v@targetbbp100=12_preset=none,3.4344215786952472
andy-kelly-0E_vhMVqL9g-unsplash,h264v@targetbbp100=12_preset=p220,4.622100152063776
andy-kelly-0E_vhMVqL9g-unsplash,h264v@targetbbp100=8_preset=none,0.0
andy-kelly-0E_vhMVqL9g-unsplash,h264v@targetbbp100=12_preset=p310,4.5395946882110545
andy-kelly-0E_vhMVqL9g-unsplash,h264v@targetbbp100=8_preset=p310,2.523753829127446
krisztian-matyas-VjXypf_IKyM-unsplash,h264v@targetbbp100=12_preset=p132,1.9310036480345354
krisztian-matyas-VjXypf_IKyM-unsplash,h264v@targetbbp100=16_preset=p220,2.9388548174911318
krisztian-matyas-VjXypf_IKyM-unsplash,h264v@targetbbp100=16_preset=p310,2.260139084705767
krisztian-matyas-VjXypf_IKyM-unsplash,h264v@targetbbp100=12_preset=none,1.662831179848078
krisztian-matyas-VjXypf_IKyM-unsplash,h264v@targetbbp100=8_preset=p310,0.4915591752170956
krisztian-matyas-VjXypf_IKyM-unsplash,h264v@targetbbp100=8_preset=p220,0.9979492855581338
krisztian-matyas-VjXypf_IKyM-unsplash,h264v@targetbbp100=8_preset=p132,0.7034722957962634
krisztian-matyas-VjXypf_IKyM-unsplash,h264v@targetbbp100=12_preset=p310,1.8052067252757595
krisztian-matyas-VjXypf_IKyM-unsplash,h264v@targetbbp100=12_preset=p220,1.9237792756952476
krisztian-matyas-VjXypf_IKyM-unsplash,h264v@targetbbp100=16_preset=none,1.854643939012082
krisztian-matyas-VjXypf_IKyM-unsplash,h264v@targetbbp100=16_preset=p132,2.1222568758535205
krisztian-matyas-VjXypf_IKyM-unsplash,h264v@targetbbp100=8_preset=none,0.0
sam-balye-g_j0P4dkkd0-unsplash,h264v@targetbbp100=12_preset=p220,4.126292018400585
sam-balye-g_j0P4dkkd0-unsplash,h264v@targetbbp100=16_preset=p310,4.202868200159158
sam-balye-g_j0P4dkkd0-unsplash,h264v@targetbbp100=8_preset=p132,2.071565941210089
sam-balye-g_j0P4dkkd0-unsplash,h264v@targetbbp100=16_preset=p220,4.840937277427246
sam-balye-g_j0P4dkkd0-unsplash,h264v@targetbbp100=12_preset=p310,2.4208101240271462
sam-balye-g_j0P4dkkd0-unsplash,h264v@targetbbp100=12_preset=p132,4.486669049916875
sam-balye-g_j0P4dkkd0-unsplash,h264v@targetbbp100=8_preset=p310,0.0
sam-balye-g_j0P4dkkd0-unsplash,h264v@targetbbp100=8_preset=p220,1.466138369322076
sam-balye-g_j0P4dkkd0-unsplash,h264v@targetbbp100=12_preset=none,5.039933878217822
sam-balye-g_j0P4dkkd0-unsplash,h264v@targetbbp100=8_preset=none,3.097382918141977
sam-balye-g_j0P4dkkd0-unsplash,h264v@targetbbp100=16_preset=none,5.773530617336139
sam-balye-g_j0P4dkkd0-unsplash,h264v@targetbbp100=16_preset=p132,5.521584840697022
